portfolio,utility_score
A_propuesta_LLY,-0.09532768079052087
C_agresiva_tematica,-0.10038501693558942
D_defensiva_indexada,-0.10484963706085819
B_sin_LLY_cash7,-0.10661932484168339
