{
  "asof": "2026-03-30",
  "market_regime": "riesgo_alto",
  "spy_close": 631.969970703125,
  "spy_sma50": 678.3191979980469,
  "spy_sma200": 661.7856994628906,
  "spy_drawdown_252": -0.09133132097249053,
  "spy_mom_63d": -0.08451279434138115,
  "vix_close": 30.610000610351562,
  "vix_pctile_252": 0.9603174603174603,
  "weights": {
    "NVDA": 0.25993,
    "XOM": 0.167096,
    "XLE": 0.144929,
    "LMT": 0.105712,
    "MSFT": 0.097982,
    "SMH": 0.081308,
    "ITA": 0.072208,
    "QQQ": 0.070836
  }
}